url,status_code,canonical,robots,title,meta_description,h1,word_count,page_type,inlinks
https://www.drsayuj.info/awake-brain-surgery,200,https://www.drsayuj.info/awake-brain-surgery,"index,follow",Awake Brain Surgery | Dr. Sayuj Krishnan S | Dr. Sayuj Krishnan,Awake craniotomy to preserve critical functions like speech and movement during tumor or epilepsy surgery.,Awake Brain Surgery,3447,other,0
https://www.drsayuj.info/brain-tumor-surgery,308,,"index,follow",,,,0,other,1
https://www.drsayuj.info/cervical-disc-replacement,200,https://www.drsayuj.info/cervical-disc-replacement,"index,follow",Cervical Disc Replacement | Dr. Sayuj Krishnan S | Dr. Sayuj Krishnan,Motion-preserving artificial disc replacement for cervical disc disease and spondylosis.,Cervical Disc Replacement,3409,other,0
https://www.drsayuj.info/craniovertebral-junction-surgery,200,https://www.drsayuj.info/craniovertebral-junction-surgery,"index,follow",Craniovertebral Junction Surgery | Dr. Sayuj Krishnan S | Dr. Sayuj Krishnan,Correction and fixation for congenital or traumatic CVJ anomalies using advanced techniques.,Craniovertebral Junction Surgery,3391,other,0
https://www.drsayuj.info/endoscopic-cervical-spine-surgery,200,https://www.drsayuj.info/endoscopic-cervical-spine-surgery,"index,follow",Endoscopic Cervical Spine Surgery | Dr. Sayuj Krishnan S | Dr. Sayuj Krishnan,Ultra-minimally invasive cervical discectomy/decompression through a 5â€“7 mm incision with rapid recovery.,Endoscopic Cervical Spine Surgery,3413,other,0
https://www.drsayuj.info/endoscopic-discectomy,200,https://www.drsayuj.info/endoscopic-discectomy,"index,follow",Endoscopic Discectomy | Dr. Sayuj Krishnan S | Dr. Sayuj Krishnan,Minimally invasive removal of herniated disc using an endoscope for faster recovery and minimal pain.,Endoscopic Discectomy,3438,other,0
https://www.drsayuj.info/endoscopic-lumbar-fusion,200,https://www.drsayuj.info/endoscopic-lumbar-fusion,"index,follow",Endoscopic Lumbar Fusion | Dr. Sayuj Krishnan S | Dr. Sayuj Krishnan,Keyhole fusion for instability or spondylolisthesis enabling small incisions and faster recovery.,Endoscopic Lumbar Fusion,3403,other,0
https://www.drsayuj.info/lumbar-stenosis-surgery,200,https://www.drsayuj.info/lumbar-stenosis-surgery,"index,follow",Lumbar Canal Stenosis Surgery | Dr. Sayuj Krishnan S | Dr. Sayuj Krishnan,Endoscopic decompression to relieve leg pain and numbness due to lumbar canal stenosis.,Lumbar Canal Stenosis Surgery,3427,other,0
https://www.drsayuj.info/minimally-invasive-spine-surgery,200,https://www.drsayuj.info/minimally-invasive-spine-surgery,"index,follow",Minimally Invasive Spine Surgery | Dr. Sayuj Krishnan S | Dr. Sayuj Krishnan,"Keyhole spine procedures using tubular retractors or endoscopes to reduce pain, blood loss, and hospital stay.",Minimally Invasive Spine Surgery,3450,other,0
https://www.drsayuj.info/neuro-endoscopy,200,https://www.drsayuj.info/neuro-endoscopy,"index,follow",Neuro Endoscopy (Brain &amp; Spine) | Dr. Sayuj Krishnan S | Dr. Sayuj Krishnan,"Endoscopic treatment for tumors, cysts, and hydrocephalus with minimal access and rapid recovery.",Neuro Endoscopy (Brain &amp; Spine),3423,other,0
https://www.drsayuj.info/spinal-cord-compression-surgery,200,https://www.drsayuj.info/spinal-cord-compression-surgery,"index,follow",Spinal Cord Compression Surgery | Dr. Sayuj Krishnan S | Dr. Sayuj Krishnan,"Decompression and stabilization to relieve spinal cord pressure from tumor, trauma, or degeneration.",Spinal Cord Compression Surgery,3408,other,0
https://www.drsayuj.info/spinal-fracture-fixation,200,https://www.drsayuj.info/spinal-fracture-fixation,"index,follow",Spinal Fracture Fixation | Dr. Sayuj Krishnan S | Dr. Sayuj Krishnan,Stabilization of traumatic spine fractures using minimally invasive techniques to enable early mobilization.,Spinal Fracture Fixation,3397,other,0
https://www.drsayuj.info/about,200,https://www.drsayuj.info/about,"index,follow",About Dr. Sayuj Krishnan | Premier Neurosurgeon in Hyderabad | Credentials &amp; Experience | Dr. Sayuj Krishnan,"Learn about Dr. Sayuj Krishnan&#x27;s exceptional training, over 9 years of neurosurgical experience, German fellowship, and pioneering work in minimally invasive brain &amp; spine surgery in Hyderabad.",About Dr. Sayuj Krishnan,6278,other,132
https://www.drsayuj.info/admin/appointments,307,,"index,follow",,,,0,appointment,0
https://www.drsayuj.info/admin/login,307,,"index,follow",,,,0,other,0
https://www.drsayuj.info/admin,307,,"index,follow",,,,0,other,0
https://www.drsayuj.info/ai-chat,200,https://www.drsayuj.info/ai-chat,"index,follow",AI Chat Assistant | Book Appointment with Dr Sayuj Krishnan | Dr. Sayuj Krishnan,"Chat with our AI assistant to book an appointment with Dr Sayuj Krishnan. Get instant help with symptoms, emergency detection, and appointment scheduling.",ðŸ¤– AI Chat Assistant,3306,other,6
https://www.drsayuj.info/appointments,200,https://www.drsayuj.info/appointments,"index,follow",Book Appointment | Best Neurosurgeon Hyderabad | Dr. Sayuj | Dr. Sayuj Krishnan,"Book Appointment with Dr. Sayuj Krishnan, the Best Neurosurgeon in Hyderabad. Schedule a consultation for spine surgery &amp; brain tumor surgery.",Book your consultation withDr. Sayuj Krishnan,3422,appointment,132
https://www.drsayuj.info/appointments/thank-you,200,https://www.drsayuj.info/appointments/thank-you,"index,follow",Thank You for Your Appointment Request | Dr Sayuj Krishnan | Dr. Sayuj Krishnan,Your appointment request has been received. Our team will contact you shortly to confirm your consultation with Dr Sayuj Krishnan.,Thank You for Reaching Out!,3344,appointment,0
https://www.drsayuj.info/best-neurosurgeon-in-hyderabad,200,https://www.drsayuj.info/best-neurosurgeon-in-hyderabad/,"index,follow",Best Neurosurgeon in Hyderabad | Dr. Sayuj Krishnan | Dr. Sayuj Krishnan,"German-trained neurosurgeon at Yashoda Malakpet with 1,000+ endoscopic brain &amp; spine cases. Consultations available.",Best Neurosurgeon in Hyderabad â€” Evidence-Based Brain &amp; Spine Care,5917,other,132
https://www.drsayuj.info/blog/awake-craniotomy-brain-tumor-guide,200,https://www.drsayuj.info/blog/awake-craniotomy-brain-tumor-guide/,"index,follow",Awake Craniotomy: Why and How Brain Surgery Is Performed Whâ€¦,Dr. Sayuj Krishnan explains Awake Craniotomy: a technique for removing brain tumors near critical areas while preserving speech and motor function.,Awake Craniotomy: Why and How Brain Surgery Is Performed While You Are Awake,7964,blog,2
https://www.drsayuj.info/blog/awake-spine-surgery-vs-general-anesthesia-guide,200,https://www.drsayuj.info/blog/awake-spine-surgery-vs-general-anesthesia-guide/,"index,follow",Awake Spine Surgery vs. General Anesthesia: Which is Safer?â€¦,"Awake spine surgery vs general anesthesia: safety benefits, faster recovery, and why it suits elderly/high-risk patients in Hyderabad.",Awake Spine Surgery vs. General Anesthesia: Which is Safer?,7588,blog,1
https://www.drsayuj.info/blog/brain-aneurysm-vs-migraine-warning-signs-hyderabad,200,https://www.drsayuj.info/blog/brain-aneurysm-vs-migraine-warning-signs-hyderabad/,"index,follow",Brain Aneurysm vs. Migraine: When a Headache is an Emergencâ€¦,Experiencing the worst headache of your life? It might be a brain aneurysm. Learn the difference between migraine and aneurysm symptoms and when to rush tâ€¦,Brain Aneurysm vs. Migraine: When a Headache is an Emergency,6793,blog,1
https://www.drsayuj.info/blog/carpal-tunnel-vs-cervical-radiculopathy-hyderabad,200,https://www.drsayuj.info/blog/carpal-tunnel-vs-cervical-radiculopathy-hyderabad/,"index,follow",Carpal Tunnel vs. Cervical Radiculopathy: Why is My Hand Nuâ€¦,"Confused between Carpal Tunnel and Cervical Radiculopathy? Discover the key differences, symptoms, and treatments for hand numbness in this guide for Hydeâ€¦",Carpal Tunnel vs. Cervical Radiculopathy: Why is My Hand Numb? (Hyderabad Guide),6010,blog,1
https://www.drsayuj.info/blog/cauda-equina-syndrome-warning-signs-hyderabad,200,https://www.drsayuj.info/blog/cauda-equina-syndrome-warning-signs-hyderabad/,"index,follow",Cauda Equina Syndrome: The Back Pain Emergency You Cannot Iâ€¦,"Cauda Equina Syndrome is a surgical emergency. If you have saddle numbness or bladder loss with back pain, seek help in Hyderabad immediately.",Cauda Equina Syndrome: The Back Pain Emergency You Cannot Ignore,6756,blog,1
https://www.drsayuj.info/blog/cervical-disc-replacement-vs-fusion-acdf-hyderabad,200,https://www.drsayuj.info/blog/cervical-disc-replacement-vs-fusion-acdf-hyderabad/,"index,follow",Cervical Disc Replacement vs. Fusion (ACDF): Which is Bestâ€¦,"Cervical Disc Replacement (ADR) vs ACDF Fusion: A neurosurgeon&#x27;s guide to choosing the right neck surgery. Compare recovery, motion, and costs in Hyderabaâ€¦",Cervical Disc Replacement vs. Fusion (ACDF): Which is Best for You?,7404,blog,1
https://www.drsayuj.info/blog/cervical-radiculopathy-arm-pain-hyderabad,200,https://www.drsayuj.info/blog/cervical-radiculopathy-arm-pain-hyderabad/,"index,follow",Cervical Radiculopathy: Why Your Neck Pain Shoots Down Yourâ€¦,"Dr. Sayuj Krishnan explains Cervical Radiculopathy (pinched nerve): causes, symptoms like arm numbness, and advanced treatments in Hyderabad.",Cervical Radiculopathy: Why Your Neck Pain Shoots Down Your Arm,7820,blog,2
https://www.drsayuj.info/blog/cervical-spondylosis-neck-pain-hyderabad,200,https://www.drsayuj.info/blog/cervical-spondylosis-neck-pain-hyderabad/,"index,follow",Neck Pain or Cervical Spondylosis? A Guide for Hyderabad&#x27;sâ€¦,"Neck pain in Hyderabad? Learn tech neck vs cervical spondylosis, key symptoms, and when to see a spine specialist.",Neck Pain or Cervical Spondylosis? A Guide for Hyderabad&#x27;s Tech Professionals,8196,blog,3
https://www.drsayuj.info/blog/chronic-subdural-hematoma-symptoms-elderly,200,https://www.drsayuj.info/blog/chronic-subdural-hematoma-symptoms-elderly/,"index,follow",Is It Dementia or a Brain Bleed? Chronic Subdural Hematomaâ€¦,"Chronic Subdural Hematoma (cSDH) in elderly: confusion, balance loss. Learn why this &#x27;reversible dementia&#x27; needs urgent neurosurgery in Hyderabad.",Is It Dementia or a Brain Bleed? Chronic Subdural Hematoma in the Elderly,6615,blog,1
https://www.drsayuj.info/blog/cost-of-endoscopic-spine-surgery-hyderabad,200,https://www.drsayuj.info/blog/cost-of-endoscopic-spine-surgery-hyderabad/,"index,follow",Cost of Endoscopic Spine Surgery in Hyderabad: 2026 Price Gâ€¦,"Endoscopic spine surgery cost in Hyderabad: package ranges, insurance approvals, and why keyhole surgery can lower total recovery costs.",Cost of Endoscopic Spine Surgery in Hyderabad: 2026 Price Guide,5973,blog,1
https://www.drsayuj.info/blog/degenerative-disc-disease-guide-hyderabad,200,https://www.drsayuj.info/blog/degenerative-disc-disease-guide-hyderabad/,"index,follow",What is Degenerative Disc Disease? Understanding &#x27;Black Disâ€¦,"Learn about Degenerative Disc Disease (DDD), symptoms of black disc, and treatment options in Hyderabad. Understand when surgery is needed.",What is Degenerative Disc Disease? Understanding &#x27;Black Disc&#x27; and Spine Aging,7725,blog,1
https://www.drsayuj.info/blog/does-endoscopic-spine-surgery-work-for-sciatica-hyderabad,200,https://www.drsayuj.info/blog/does-endoscopic-spine-surgery-work-for-sciatica-hyderabad/,"index,follow",Does Endoscopic Spine Surgery Work for Sciatica? (Hyderabadâ€¦,"Does endoscopic spine surgery work for sciatica? Learn about the 90% success rate, same-day recovery, and why it&#x27;s safer than open surgery. Expert guide bâ€¦",Does Endoscopic Spine Surgery Work for Sciatica? (Hyderabad Guide),5606,blog,2
https://www.drsayuj.info/blog/endoscopic-spine-surgery-recovery-timeline,200,https://www.drsayuj.info/blog/endoscopic-spine-surgery-recovery-timeline/,"index,follow",Recovery Timeline: Endoscopic vs. Open Spine Surgery | Dr.â€¦,"Detailed recovery timeline for endoscopic spine surgery vs open surgery. Learn when you can walk, drive, and return to work after treatment in Hyderabad.",Recovery Timeline: Endoscopic vs. Open Spine Surgery,6077,blog,1
https://www.drsayuj.info/blog/epilepsy-surgery-options-hyderabad,200,https://www.drsayuj.info/blog/epilepsy-surgery-options-hyderabad/,"index,follow",Epilepsy Surgery: When Medications Stop Working (A Patient&#x27;â€¦,"Comprehensive guide to epilepsy surgery options in Hyderabad for drug-resistant seizures. Learn about VNS, LITT, and resection surgery for seizure freedom.",Epilepsy Surgery: When Medications Stop Working (A Patient&#x27;s Guide),7702,blog,1
https://www.drsayuj.info/blog/failed-back-surgery-syndrome-treatment-hyderabad,200,https://www.drsayuj.info/blog/failed-back-surgery-syndrome-treatment-hyderabad/,"index,follow",Failed Back Surgery Syndrome: Why Pain Persists &amp; Treatmentâ€¦,Expert guide to Failed Back Surgery Syndrome (FBSS) treatment in Hyderabad. Learn why pain returns after surgery and explore revision options like endoscoâ€¦,Failed Back Surgery Syndrome: Why Pain Persists &amp; Treatment Options,6901,blog,1
https://www.drsayuj.info/blog/headache-vs-brain-tumor-warning-signs,200,https://www.drsayuj.info/blog/headache-vs-brain-tumor-warning-signs/,"index,follow",Headache or Brain Tumor? 7 Warning Signs You Should Not Ignâ€¦,"Worried about a brain tumor headache? Dr. Sayuj Krishnan explains the 7 critical warning signs, red flags, and migraine differences.",Headache or Brain Tumor? 7 Warning Signs You Should Not Ignore,7333,blog,4
https://www.drsayuj.info/blog/l4-l5-disc-bulge-treatment-hyderabad,200,https://www.drsayuj.info/blog/l4-l5-disc-bulge-treatment-hyderabad/,"index,follow","L4-L5 Disc Bulge: Symptoms, Risks, and Treatment Options inâ€¦","L4-L5 disc bulge guide by Dr. Sayuj Krishnan. Learn about symptoms like sciatica, foot drop red flags, and non-surgical treatments in Hyderabad.","L4-L5 Disc Bulge: Symptoms, Risks, and Treatment Options in Hyderabad",6072,blog,1
https://www.drsayuj.info/blog/life-after-spinal-fusion-surgery-recovery-hyderabad,200,https://www.drsayuj.info/blog/life-after-spinal-fusion-surgery-recovery-hyderabad/,"index,follow",Life After Spinal Fusion Surgery: Recovery and Mobility Truâ€¦,"Discover life after spinal fusion surgery in Hyderabad. Learn about recovery timelines, mobility myths, and when you can drive or return to work.",Life After Spinal Fusion Surgery: Recovery and Mobility Truths in Hyderabad,6380,blog,2
https://www.drsayuj.info/blog/lumbar-canal-stenosis-walking-pain-hyderabad,200,https://www.drsayuj.info/blog/lumbar-canal-stenosis-walking-pain-hyderabad/,"index,follow",Why Walking Hurts: A Guide to Lumbar Canal Stenosis for Senâ€¦,"Leg pain when walking that goes away when sitting is a classic sign of lumbar canal stenosis. Learn about symptoms, diagnosis, and treatment in Hyderabad.",Why Walking Hurts: A Guide to Lumbar Canal Stenosis for Seniors,6606,blog,3
https://www.drsayuj.info/blog/lumbar-spondylosis-treatment-exercises-hyderabad,200,https://www.drsayuj.info/blog/lumbar-spondylosis-treatment-exercises-hyderabad/,"index,follow",Lumbar Spondylosis Treatment &amp; Exercises: A Guide for Hyderâ€¦,"Comprehensive guide to Lumbar Spondylosis treatment in Hyderabad. Discover exercises, physiotherapy options, and when to see a spine specialist.",Lumbar Spondylosis Treatment &amp; Exercises: A Guide for Hyderabad Patients,5320,blog,1
https://www.drsayuj.info/blog/meningioma-brain-tumor-treatment-hyderabad,200,https://www.drsayuj.info/blog/meningioma-brain-tumor-treatment-hyderabad/,"index,follow",Meningioma Brain Tumor: When is Surgery Needed vs. Observatâ€¦,"Meningioma treatment guide by Dr. Sayuj Krishnan. Learn about &#x27;wait and watch&#x27; vs surgery, symptoms, and benign brain tumor recovery in Hyderabad.",Meningioma Brain Tumor: When is Surgery Needed vs. Observation?,6738,blog,1
https://www.drsayuj.info/blog/microdiscectomy-vs-laminectomy-recovery-comparison,200,https://www.drsayuj.info/blog/microdiscectomy-vs-laminectomy-recovery-comparison/,"index,follow",Microdiscectomy vs. Laminectomy: Recovery &amp; Cost in Hyderabâ€¦,"Compare Microdiscectomy vs Laminectomy for Hyderabad patients. Learn about recovery timelines, success rates, and cost estimates for slip disc surgery.",Microdiscectomy vs. Laminectomy: Recovery &amp; Cost in Hyderabad,5255,blog,1
https://www.drsayuj.info/blog/neuroplasticity-brain-recovery-hyderabad,200,https://www.drsayuj.info/blog/neuroplasticity-brain-recovery-hyderabad/,"index,follow",Neuroplasticity: How Your Brain Heals and Learns After Injuâ€¦,"Understand neuroplasticity and how the brain rewires after stroke, injury, or surgery, plus simple exercises Hyderabad patients can practice to speed recoâ€¦",Neuroplasticity: How Your Brain Heals and Learns After Injury,6077,blog,3
https://www.drsayuj.info/blog/normal-pressure-hydrocephalus-nph-symptoms-treatment-hyderabad,200,https://www.drsayuj.info/blog/normal-pressure-hydrocephalus-nph-symptoms-treatment-hyderabad/,"index,follow",Normal Pressure Hydrocephalus (NPH): The &quot;Reversible Dementâ€¦,A guide to Normal Pressure Hydrocephalus (NPH) symptoms and treatment in Hyderabad. Learn how VP Shunt surgery can reverse dementia-like symptoms.,Normal Pressure Hydrocephalus (NPH): The &quot;Reversible Dementia&quot; You Should Know,6834,blog,1
https://www.drsayuj.info/blog/osteoporotic-spine-fracture-elderly-guide,200,https://www.drsayuj.info/blog/osteoporotic-spine-fracture-elderly-guide/,"index,follow",Osteoporotic Spine Fractures in the Elderly: Healing &amp; Treaâ€¦,"Osteoporotic spine fractures in the elderly: symptoms, risks of bed rest, and how kyphoplasty provides rapid pain relief in Hyderabad.",Osteoporotic Spine Fractures in the Elderly: Healing &amp; Treatment Guide,8478,blog,1
https://www.drsayuj.info/blog/sciatica-exercises-for-office-workers-hyderabad,200,https://www.drsayuj.info/blog/sciatica-exercises-for-office-workers-hyderabad/,"index,follow",5 Sciatica Exercises for Office Workers in Hyderabad | Dr.â€¦,Best sciatica exercises for software engineers and office workers in Hyderabad. Learn how to prevent back pain from long sitting hours with Dr. Sayuj Krisâ€¦,5 Sciatica Exercises for Office Workers in Hyderabad,5544,blog,1
https://www.drsayuj.info/blog/sciatica-pain-relief-exercises-hyderabad,200,https://www.drsayuj.info/blog/sciatica-pain-relief-exercises-hyderabad/,"index,follow",Sciatica Pain Relief Exercises at Home: A Guide for Hyderabâ€¦,"Discover the best sciatica pain relief exercises at home. Learn safe stretches, posture tips, and when to see a spine specialist in Hyderabad.",Sciatica Pain Relief Exercises at Home: A Guide for Hyderabad Patients,5317,blog,4
https://www.drsayuj.info/blog/sciatica-vs-normal-back-pain-guide,200,https://www.drsayuj.info/blog/sciatica-vs-normal-back-pain-guide/,"index,follow",Sciatica vs. Normal Back Pain: How to Tell the Difference |â€¦,"Confused if you have sciatica or just back pain? This guide explains the symptoms, red flags, and when to see a neurosurgeon in Hyderabad.",Sciatica vs. Normal Back Pain: How to Tell the Difference,8396,blog,8
https://www.drsayuj.info/blog/scoliosis-treatment-options-in-hyderabad,200,https://www.drsayuj.info/blog/scoliosis-treatment-options-in-hyderabad/,"index,follow",Scoliosis Treatment Options in Hyderabad | Dr. Sayuj Krishnâ€¦,"Expert guide to Scoliosis Treatment in Hyderabad. Learn about symptoms, causes, bracing, and advanced surgical options for spinal curvature correction.",Scoliosis Treatment Options in Hyderabad,7054,blog,1
https://www.drsayuj.info/blog/sleeping-positions-for-sciatica-relief-guide,200,https://www.drsayuj.info/blog/sleeping-positions-for-sciatica-relief-guide/,"index,follow",How to Sleep with Sciatica: Best Positions for Pain Reliefâ€¦,"Struggling to sleep with sciatica? Learn the best sleeping positions to relieve nerve pain, choose the right mattress, and wake up pain-free in Hyderabad.",How to Sleep with Sciatica: Best Positions for Pain Relief,8028,blog,1
https://www.drsayuj.info/blog/spinal-tuberculosis-symptoms-treatment-hyderabad,200,https://www.drsayuj.info/blog/spinal-tuberculosis-symptoms-treatment-hyderabad/,"index,follow",Spinal Tuberculosis (Pott&#x27;s Spine) Symptoms &amp; Treatment: Aâ€¦,"Learn about Spinal Tuberculosis (Pott&#x27;s Spine) symptoms, diagnosis, and treatment in Hyderabad. Understand when medication works and when surgery is needeâ€¦",Spinal Tuberculosis (Pott&#x27;s Spine) Symptoms &amp; Treatment: A Guide for Hyderabad Patients,7583,blog,1
https://www.drsayuj.info/blog/spondylolisthesis-vs-herniated-disc-difference,200,https://www.drsayuj.info/blog/spondylolisthesis-vs-herniated-disc-difference/,"index,follow",Slipped Disc vs. Slipped Vertebra (Spondylolisthesis): Undeâ€¦,"Spondylolisthesis vs herniated disc: symptoms, imaging clues, and when stabilization or simple decompression is needed.",Slipped Disc vs. Slipped Vertebra (Spondylolisthesis): Understanding the Difference,6984,blog,2
https://www.drsayuj.info/blog/trigeminal-neuralgia-vs-tooth-pain-guide,200,https://www.drsayuj.info/blog/trigeminal-neuralgia-vs-tooth-pain-guide/,"index,follow",Trigeminal Neuralgia vs. Tooth Pain: Why Your Face Hurts Liâ€¦,"Toothache or trigeminal neuralgia? Signs of electric shock facial pain, common misdiagnoses, and treatment options in Hyderabad.",Trigeminal Neuralgia vs. Tooth Pain: Why Your Face Hurts Like a Shock,8017,blog,1
https://www.drsayuj.info/blog/types-of-spine-tumors-symptoms-guide,200,https://www.drsayuj.info/blog/types-of-spine-tumors-symptoms-guide/,"index,follow",Types of Spine Tumors: Benign vs. Cancerous &amp; Warning Signsâ€¦,"Dr. Sayuj Krishnan explains spinal tumors: types (benign vs. cancerous), red flag symptoms, and treatment options available in Hyderabad.",Types of Spine Tumors: Benign vs. Cancerous &amp; Warning Signs,6818,blog,1
https://www.drsayuj.info/blog/understanding-brain-mri-tumor-report-guide,200,https://www.drsayuj.info/blog/understanding-brain-mri-tumor-report-guide/,"index,follow",Understanding Your Brain MRI Report: Benign vs. Malignant Tâ€¦,"Decode your brain MRI report. Understand terms like mass effect, enhancing lesion, and edema, and learn the signs of benign vs malignant tumors.",Understanding Your Brain MRI Report: Benign vs. Malignant Tumor Signs,6977,blog,6
https://www.drsayuj.info/blog/understanding-mri-spine-report-guide,200,https://www.drsayuj.info/blog/understanding-mri-spine-report-guide/,"index,follow",Understanding Your MRI Spine Report: A Patient&#x27;s Guide | Drâ€¦,"Decode your spine MRI report. Learn what disc bulge, stenosis, and nerve compression mean and when to see a specialist in Hyderabad.",Understanding Your MRI Spine Report: A Patient&#x27;s Guide,8202,blog,9
https://www.drsayuj.info/blog/awake-craniotomy-guide,200,https://www.drsayuj.info/blog/awake-craniotomy-guide,"index,follow",Awake Craniotomy Guide Hyderabad | Dr. Sayuj | Dr. Sayuj Krishnan,"Why awake brain surgery is chosen, mapping process, recovery, and FAQs for Hyderabad patients.",Awake Craniotomy: A Patient Guide,4609,blog,0
https://www.drsayuj.info/blog/brain-tumor-surgery-cost-hyderabad,200,https://www.drsayuj.info/blog/brain-tumor-surgery-cost-hyderabad,"index,follow",Brain Tumor Surgery Cost Hyderabad | Transparent Pricing | Dr. Sayuj Krishnan,"Brain tumor surgery cost breakdown, insurance coverage, and payment options with Dr. Sayuj Krishnan at Yashoda Hospital Malakpet.",Brain Tumor Surgery Cost Hyderabad | Transparent Pricing,4206,blog,0
https://www.drsayuj.info/blog/day-care-endoscopic-spine-surgery-eligibility,200,https://www.drsayuj.info/blog/day-care-endoscopic-spine-surgery-eligibility/,"index,follow",Day-Care Spine Surgery Eligibility | When Can You Go Home Sâ€¦ | Dr. Sayuj Krishnan,"Criteria, safety protocols, and planning tips for same-day endoscopic spine surgery discharge in Hyderabad.",Day-Care Spine Surgery: Are You a Candidate for Same-Day Discharge?,5977,blog,1
https://www.drsayuj.info/blog/day-care-spine-surgery-insurance-hyderabad,200,https://www.drsayuj.info/blog/day-care-spine-surgery-insurance-hyderabad,"index,follow",Day-Care Spine Surgery Insurance Hyderabad | Coverage Guide | Dr. Sayuj Krishnan,"Day-care spine surgery insurance coverage, pre-authorization, and cashless treatment options with Dr. Sayuj Krishnan at Yashoda Hospital Malakpet.",Day-Care Spine Surgery Insurance Hyderabad | Coverage Guide,4541,blog,0
https://www.drsayuj.info/blog/disc-replacement-vs-fusion,200,https://www.drsayuj.info/blog/disc-replacement-vs-fusion,"index,follow",Disc Replacement vs Fusion Hyderabad | Dr. Sayuj Krishnan,"Compare disc replacement vs spinal fusion: benefits, risks, recovery, and candidacy with Dr. Sayuj Krishnan in Hyderabad.",Disc Replacement vs Spinal Fusion: Making the Right Choice,4703,blog,0
https://www.drsayuj.info/blog/endoscopic-cervical-spine-surgery-hyderabad,200,https://www.drsayuj.info/blog/endoscopic-cervical-spine-surgery-hyderabad/,"index,follow",Endoscopic Cervical Spine Surgery in Hyderabad | Recovery &amp;â€¦ | Dr. Sayuj Krishnan,"When cervical endoscopic surgery is indicated, benefits vs. fusion, recovery timelines, and safety considerations for patients in Hyderabad.",Endoscopic Cervical Spine Surgery in Hyderabad: When Itâ€™s Recommended and What to Expect,3923,blog,0
https://www.drsayuj.info/blog/endoscopic-discectomy-cost-hyderabad,200,https://www.drsayuj.info/blog/endoscopic-discectomy-cost-hyderabad/,"index,follow",Endoscopic Discectomy Cost in Hyderabad | What to Expect | Dr. Sayuj Krishnan,"Breakdown of day-care eligibility, insurance coverage, and cost drivers for endoscopic discectomy in Hyderabad.",Endoscopic Discectomy Cost in Hyderabad: What Affects Your Estimate?,5252,blog,2
https://www.drsayuj.info/blog/endoscopic-spine-surgery-cost-hyderabad,200,https://www.drsayuj.info/blog/endoscopic-spine-surgery-cost-hyderabad/,"index,follow",Endoscopic Spine Surgery Cost in Hyderabad | What Affects Pâ€¦ | Dr. Sayuj Krishnan,"Cost drivers, insurance nuances, and day-care eligibility for endoscopic spine surgery in Hyderabad.",Endoscopic Spine Surgery Cost in Hyderabad: What Affects Your Final Bill,4971,blog,1
https://www.drsayuj.info/blog/endoscopic-vs-microdiscectomy-hyderabad,200,https://www.drsayuj.info/blog/endoscopic-vs-microdiscectomy-hyderabad/,"index,follow",Endoscopic vs Microdiscectomy in Hyderabad | Which is Rightâ€¦ | Dr. Sayuj Krishnan,"Compare incision size, recovery, and candidacy for endoscopic discectomy versus microdiscectomy in Hyderabad.",Endoscopic vs Microdiscectomy: Choosing the Right Approach for Your Herniated Disc,5878,blog,1
https://www.drsayuj.info/blog/how-much-does-brain-surgery-cost-hyderabad,200,https://www.drsayuj.info/blog/how-much-does-brain-surgery-cost-hyderabad/,"index,follow",How Much Does Brain Surgery Cost in Hyderabad? Complete Guiâ€¦ | Dr. Sayuj Krishnan,"Complete guide to brain surgery costs in Hyderabad. Learn about pricing factors, insurance coverage, payment options, and cost breakdowns for different brâ€¦",How Much Does Brain Surgery Cost in Hyderabad?,4089,blog,0
https://www.drsayuj.info/blog/mvd-vs-radiosurgery-trigeminal-neuralgia,200,https://www.drsayuj.info/blog/mvd-vs-radiosurgery-trigeminal-neuralgia/,"index,follow",MVD vs Radiosurgery vs Percutaneous for Trigeminal Neuralgiâ€¦ | Dr. Sayuj Krishnan,"Side-by-side comparison of microvascular decompression, Gamma Knife radiosurgery, and percutaneous procedures for trigeminal neuralgia.",Trigeminal Neuralgia Treatment: MVD vs Radiosurgery vs Percutaneous Procedures,5897,blog,1
https://www.drsayuj.info/blog,200,https://www.drsayuj.info/blog,"index,follow",Blog | Dr Sayuj Krishnan - Neurosurgery Insights | Dr. Sayuj Krishnan,"Latest insights, research, and updates in neurosurgery from Dr Sayuj Krishnan. Expert articles on brain and spine conditions, treatments, and innovations.",Neurosurgery Blog,7897,other,132
https://www.drsayuj.info/blog/return-to-work-after-endoscopic-discectomy-hyderabad,200,https://www.drsayuj.info/blog/return-to-work-after-endoscopic-discectomy-hyderabad/,"index,follow",Return to Work After Endoscopic Discectomy in Hyderabad | Dr. Sayuj Krishnan,"Week-by-week recovery timelines, activity progression, and workplace planning after endoscopic discectomy in Hyderabad.",Return to Work After Endoscopic Discectomy in Hyderabad: A Practical Guide,4727,blog,1
https://www.drsayuj.info/blog/sciatica-pain-management-hyderabad,200,https://www.drsayuj.info/blog/sciatica-pain-management-hyderabad,"index,follow",Sciatica Pain Management in Hyderabad | Dr. Sayuj Krishnan | Dr. Sayuj Krishnan,"Comprehensive guide to sciatica pain management in Hyderabad. Learn about conservative treatments, when surgery is needed, and recovery expectations.",Sciatica Pain Management in Hyderabad: Complete Treatment Guide,4352,blog,0
https://www.drsayuj.info/blog/spinal-fusion-cost-hyderabad,200,https://www.drsayuj.info/blog/spinal-fusion-cost-hyderabad,"index,follow",Spinal Fusion Cost Hyderabad | TLIF ACDF | Dr. Sayuj Krishnan,"Spinal fusion cost breakdown, insurance coverage, and payment options with Dr. Sayuj Krishnan at Yashoda Hospital Malakpet.",Spinal Fusion Cost Hyderabad | TLIF ACDF,4431,blog,1
https://www.drsayuj.info/blog/spine-health-maintenance-hyderabad,200,https://www.drsayuj.info/blog/spine-health-maintenance-hyderabad,"index,follow",Spine Health Maintenance in Hyderabad | Dr. Sayuj Krishnan | Dr. Sayuj Krishnan,"Complete guide to maintaining spine health in Hyderabad. Learn exercises, lifestyle tips, and preventive measures for a healthy spine.",Spine Health Maintenance in Hyderabad: Your Complete Guide,4706,blog,0
https://www.drsayuj.info/blog/spine-surgery-recovery-timeline-hyderabad,200,https://www.drsayuj.info/blog/spine-surgery-recovery-timeline-hyderabad,"index,follow",Spine Surgery Recovery Timeline | Dr. Sayuj Krishnan | Dr. Sayuj Krishnan,Complete guide to spine surgery recovery timeline in Hyderabad. Learn what to expect after endoscopic spine surgery and recovery milestones.,Spine Surgery Recovery Timeline in Hyderabad: What to Expect,4692,blog,1
https://www.drsayuj.info/blog/when-to-worry-about-back-pain-neurosurgeon-hyderabad,200,https://www.drsayuj.info/blog/when-to-worry-about-back-pain-neurosurgeon-hyderabad/,"index,follow",When to Worry About Back Pain and See a Neurosurgeon in Hyderabad | Dr. Sayuj Krishnan,"Learn the red flags for back pain, how MRIs and nerve tests help diagnosis, and when early consultation can prevent nerve damage in Hyderabad.",When to Worry About Back Pain and See a Neurosurgeon in Hyderabad,3059,blog,0
https://www.drsayuj.info/blog/world-stroke-day-2025-hyderabad-stroke-code,200,https://www.drsayuj.info/blog/world-stroke-day-2025-hyderabad-stroke-code/,"index,follow",World Stroke Day 2025 Hyderabad | BE-FAST Action Plan | Dr. Sayuj Krishnan,"Hyderabad families: recognise stroke symptoms with BE-FAST, call 108, and learn Dr Sayuj Krishnanâ€™s Stroke Code pathway, prevention tips, and rehab supporâ€¦","World Stroke Day 2025: Recognize Stroke Fast, Act Faster (Hyderabad, India)",7919,blog,2
https://www.drsayuj.info/brain-surgery,200,https://www.drsayuj.info/brain-surgery,"index,follow",Brain Surgery Hyderabad | Awake Brain Surgery &amp; Brain Tumor Surgery | Dr. Sayuj Krishnan | Dr. Sayuj Krishnan,"Expert brain surgery in Hyderabad with Dr. Sayuj Krishnan. Specializing in awake brain surgery, brain tumor surgery, ROSA DBS, and advanced microsurgical techniques with neuronavigation.",Advanced Brain Surgery,5903,other,2
https://www.drsayuj.info/conditions/acoustic-neuroma-treatment-hyderabad,200,https://www.drsayuj.info/conditions/acoustic-neuroma-treatment-hyderabad,"index,follow",Acoustic Neuroma Treatment in Hyderabad | Dr. Sayuj Krishnan | Dr. Sayuj Krishnan,Hearing-preserving microsurgery and radiosurgery options for vestibular schwannoma causing imbalance or tinnitus.,Acoustic Neuroma,3842,condition,1
https://www.drsayuj.info/conditions/brain-aneurysm-treatment-hyderabad,200,https://www.drsayuj.info/conditions/brain-aneurysm-treatment-hyderabad,"index,follow",Brain Aneurysm Treatment in Hyderabad | Dr. Sayuj Krishnan | Dr. Sayuj Krishnan,Emergency evaluation and microsurgical or endovascular strategies for ruptured and unruptured aneurysms.,Brain Aneurysm,3955,condition,1
https://www.drsayuj.info/conditions/carpal-tunnel-syndrome-hyderabad,200,https://www.drsayuj.info/conditions/carpal-tunnel-syndrome-hyderabad,"index,follow",Carpal Tunnel Syndrome Treatment in Hyderabad | Dr. Sayuj Krishnan | Dr. Sayuj Krishnan,Day-care minimally invasive decompression for wrist nerve compression with rapid functional recovery.,Carpal Tunnel Syndrome,3870,condition,1
https://www.drsayuj.info/conditions/chiari-malformation-hyderabad,200,https://www.drsayuj.info/conditions/chiari-malformation-hyderabad,"index,follow",Chiari Malformation Treatment in Hyderabad | Dr. Sayuj Krishnan | Dr. Sayuj Krishnan,Posterior fossa decompression planning for craniovertebral junction disorders causing headaches and imbalance.,Chiari Malformation,3639,condition,1
https://www.drsayuj.info/conditions/herniated-disc-treatment-hyderabad,200,https://www.drsayuj.info/conditions/herniated-disc-treatment-hyderabad,"index,follow",Disc Herniation (Lumbar) Treatment in Hyderabad | Dr. Sayuj Krishnan | Dr. Sayuj Krishnan,Full endoscopic discectomy and rehabilitation pathways for sciatic pain caused by lumbar disc prolapse.,Disc Herniation (Lumbar),3902,condition,1
https://www.drsayuj.info/conditions/pituitary-adenoma-hyderabad,200,https://www.drsayuj.info/conditions/pituitary-adenoma-hyderabad,"index,follow",Pituitary Adenoma Treatment in Hyderabad | Dr. Sayuj Krishnan | Dr. Sayuj Krishnan,Endoscopic endonasal surgery for hormonal and vision-related pituitary tumours with endocrinology support.,Pituitary Adenoma,3689,condition,1
https://www.drsayuj.info/conditions/a-z/acoustic-neuroma,308,,"index,follow",,,,0,condition,1
https://www.drsayuj.info/conditions/a-z/aneurysm,308,,"index,follow",,,,0,condition,1
https://www.drsayuj.info/conditions/a-z/brachial-plexus,200,https://www.drsayuj.info/services/peripheral-nerve-surgery-hyderabad,"index,follow",Brachial Plexus Injury Treatment | Dr. Sayuj Krishnan | Dr. Sayuj Krishnan,"Microsurgical nerve reconstruction and rehabilitation for traumatic upper limb nerve injuries. Expert treatment by Dr. Sayuj Krishnan in Hyderabad. Learn about symptoms, treatment options, and recovery.",Brachial Plexus Injury,4977,condition,1
https://www.drsayuj.info/conditions/a-z/brain-tumor,200,https://www.drsayuj.info/services/brain-tumor-surgery-hyderabad,"index,follow",Brain Tumor Treatment | Dr. Sayuj Krishnan | Dr. Sayuj Krishnan,"Advanced neuronavigation-guided resections for benign and malignant tumours with functional preservation. Expert treatment by Dr. Sayuj Krishnan in Hyderabad. Learn about symptoms, treatment options, and recovery.",Brain Tumor,5105,condition,4
https://www.drsayuj.info/conditions/a-z/carpal-tunnel,308,,"index,follow",,,,0,condition,1
https://www.drsayuj.info/conditions/a-z/cervical-disc,308,,"index,follow",,,,0,condition,2
https://www.drsayuj.info/conditions/a-z/cervical-myelopathy,200,https://www.drsayuj.info/services/cervical-spine-surgery-hyderabad,"index,follow",Cervical Myelopathy Treatment | Dr. Sayuj Krishnan | Dr. Sayuj Krishnan,"Decompression and stabilisation strategies for cervical spinal cord compression leading to gait disturbance. Expert treatment by Dr. Sayuj Krishnan in Hyderabad. Learn about symptoms, treatment options, and recovery.",Cervical Myelopathy,4891,condition,2
https://www.drsayuj.info/conditions/a-z/chiari-malformation,308,,"index,follow",,,,0,condition,1
https://www.drsayuj.info/conditions/a-z/degenerative-disc-disease,200,https://www.drsayuj.info/disease-guides/degenerative-disc-disease,"index,follow",Degenerative Disc Disease Treatment | Dr. Sayuj Krishnan | Dr. Sayuj Krishnan,"Age-related disc wear causing chronic back or neck pain managed with conservative and minimally invasive techniques. Expert treatment by Dr. Sayuj Krishnan in Hyderabad. Learn about symptoms, treatment options, and recovery.",Degenerative Disc Disease,4929,condition,1
https://www.drsayuj.info/conditions/a-z/disc-herniation,308,,"index,follow",,,,0,condition,1
https://www.drsayuj.info/conditions/a-z/epilepsy,200,https://www.drsayuj.info/services/epilepsy-surgery-hyderabad,"index,follow",Drug-Resistant Epilepsy Treatment | Dr. Sayuj Krishnan | Dr. Sayuj Krishnan,"Comprehensive seizure evaluation, stereo-EEG planning, and epilepsy surgery for medication-resistant cases. Expert treatment by Dr. Sayuj Krishnan in Hyderabad. Learn about symptoms, treatment options, and recovery.",Drug-Resistant Epilepsy,5010,condition,2
https://www.drsayuj.info/conditions/a-z/glioma,200,https://www.drsayuj.info/services/brain-tumor-surgery-hyderabad,"index,follow",Glioma Treatment | Dr. Sayuj Krishnan | Dr. Sayuj Krishnan,"Oncologic neurosurgery combining awake mapping and adjuvant therapies for high-grade and low-grade gliomas. Expert treatment by Dr. Sayuj Krishnan in Hyderabad. Learn about symptoms, treatment options, and recovery.",Glioma,4803,condition,2
https://www.drsayuj.info/conditions/a-z/hydrocephalus,200,https://www.drsayuj.info/services/brain-tumor-surgery-hyderabad,"index,follow",Hydrocephalus Treatment | Dr. Sayuj Krishnan | Dr. Sayuj Krishnan,"Endoscopic third ventriculostomy and shunt management for cerebrospinal fluid circulation disorders. Expert treatment by Dr. Sayuj Krishnan in Hyderabad. Learn about symptoms, treatment options, and recovery.",Hydrocephalus,4921,condition,2
https://www.drsayuj.info/conditions/a-z/lumbar-stenosis,308,,"index,follow",,,,0,condition,1
https://www.drsayuj.info/conditions/a-z/meningioma,200,https://www.drsayuj.info/services/brain-tumor-surgery-hyderabad,"index,follow",Meningioma Treatment | Dr. Sayuj Krishnan | Dr. Sayuj Krishnan,"Skull base tumour management with neuronavigation, ultrasonic aspirators, and neuro-monitoring support. Expert treatment by Dr. Sayuj Krishnan in Hyderabad. Learn about symptoms, treatment options, and recovery.",Meningioma,4845,condition,2
https://www.drsayuj.info/conditions/a-z/metastasis,200,https://www.drsayuj.info/services/brain-tumor-surgery-hyderabad,"index,follow",Metastatic Brain Lesions Treatment | Dr. Sayuj Krishnan | Dr. Sayuj Krishnan,"Surgical and radiosurgical coordination for metastatic brain disease with multidisciplinary oncology input. Expert treatment by Dr. Sayuj Krishnan in Hyderabad. Learn about symptoms, treatment options, and recovery.",Metastatic Brain Lesions,4823,condition,1
https://www.drsayuj.info/conditions/a-z/normal-pressure-hydrocephalus,200,https://www.drsayuj.info/services/brain-tumor-surgery-hyderabad,"index,follow",Normal Pressure Hydrocephalus Treatment | Dr. Sayuj Krishnan | Dr. Sayuj Krishnan,"Triad of gait disturbance, cognitive decline, and urinary issues treated with programmable shunt systems. Expert treatment by Dr. Sayuj Krishnan in Hyderabad. Learn about symptoms, treatment options, and recovery.",Normal Pressure Hydrocephalus,4819,condition,2
https://www.drsayuj.info/conditions/a-z/pituitary-adenoma,308,,"index,follow",,,,0,condition,1
https://www.drsayuj.info/conditions/a-z/radiculopathy,308,,"index,follow",,,,0,condition,2
https://www.drsayuj.info/conditions/a-z/sciatica,308,,"index,follow",,,,0,condition,1
https://www.drsayuj.info/conditions/a-z/seizure-disorders,200,https://www.drsayuj.info/services/epilepsy-surgery-hyderabad,"index,follow",Seizure Disorders Treatment | Dr. Sayuj Krishnan | Dr. Sayuj Krishnan,"Holistic seizure management including medication review, EEG monitoring, and epilepsy surgery consideration. Expert treatment by Dr. Sayuj Krishnan in Hyderabad. Learn about symptoms, treatment options, and recovery.",Seizure Disorders,4854,condition,2
https://www.drsayuj.info/conditions/a-z/spinal-cord-tumour,200,https://www.drsayuj.info/services/minimally-invasive-spine-surgery,"index,follow",Spinal Cord Tumour Treatment | Dr. Sayuj Krishnan | Dr. Sayuj Krishnan,"Microsurgical excision and adjuvant therapy for intradural and intramedullary spinal cord tumours. Expert treatment by Dr. Sayuj Krishnan in Hyderabad. Learn about symptoms, treatment options, and recovery.",Spinal Cord Tumour,4864,condition,3
https://www.drsayuj.info/conditions/a-z/spondylolisthesis,308,,"index,follow",,,,0,condition,1
https://www.drsayuj.info/conditions/a-z/trigeminal-neuralgia,308,,"index,follow",,,,0,condition,1
https://www.drsayuj.info/conditions/a-z/vascular-malformations,200,https://www.drsayuj.info/services/brain-tumor-surgery-hyderabad,"index,follow",Vascular Malformations Treatment | Dr. Sayuj Krishnan | Dr. Sayuj Krishnan,"Management of AVMs and cavernomas including radiosurgery, embolization coordination, and microsurgery. Expert treatment by Dr. Sayuj Krishnan in Hyderabad. Learn about symptoms, treatment options, and recovery.",Vascular Malformations,4767,condition,1
https://www.drsayuj.info/conditions/brain-bleed-evacuation-hyderabad,200,https://www.drsayuj.info/conditions/brain-bleed-evacuation-hyderabad,"index,follow",Emergency Brain Bleed Evacuation Hyderabad | Intracerebral Hemorrhage Surgery | Dr. Sayuj Krishnan | Dr. Sayuj Krishnan,"24/7 emergency endoscopic and microsurgical brain bleed evacuation in Hyderabad. Expert treatment for intracerebral hemorrhage, subdural hematoma, and epidural hematoma by Dr. Sayuj Krishnan at Yashoda Hospital.",Emergency Brain Bleed Evacuation in Hyderabad,5591,condition,1
https://www.drsayuj.info/conditions/brain-tumor-surgery-hyderabad,200,https://www.drsayuj.info/conditions/brain-tumor-surgery-hyderabad,"index,follow",Brain Tumor Treatment Hyderabad | Diagnosis &amp; Care Options | Dr. Sayuj Krishnan,"Comprehensive guide to brain tumor diagnosis, treatment options, and recovery. Learn about microsurgery, radiosurgery, and expert care in Hyderabad.",Brain Tumor Surgery in Hyderabad,5170,condition,132
https://www.drsayuj.info/conditions/cervical-myelopathy-decompression-hyderabad,200,https://www.drsayuj.info/conditions/cervical-myelopathy-decompression-hyderabad,"index,follow",Cervical Myelopathy Decompression Surgery Hyderabad | Endoscopic Spine Cord Decompression | Dr. Sayuj Krishnan | Dr. Sayuj Krishnan,Expert treatment for cervical myelopathy with endoscopic and minimally invasive decompression surgery in Hyderabad. Specialized care for spinal cord compression by Dr. Sayuj Krishnan at Yashoda Hospital.,Cervical Myelopathy Decompression Surgery in Hyderabad,5832,condition,3
https://www.drsayuj.info/conditions/cervical-radiculopathy-treatment-hyderabad,200,https://www.drsayuj.info/conditions/cervical-radiculopathy-treatment-hyderabad,"index,follow",Cervical Radiculopathy Treatment Hyderabad | Pinched Nerve Surgery | Dr. Sayuj Krishnan,Expert treatment for cervical radiculopathy (pinched nerve) in Hyderabad. Keyhole surgery (Foraminotomy) and ACDF by Dr. Sayuj Krishnan.,Cervical Radiculopathy (Pinched Nerve) Treatment in Hyderabad,5735,condition,132
https://www.drsayuj.info/conditions/degenerative-disc-disease-treatment-hyderabad,200,https://www.drsayuj.info/conditions/degenerative-disc-disease-treatment-hyderabad/,"index,follow",Degenerative Disc Disease Treatment Hyderabad | Non-Surgical | Dr. Sayuj Krishnan,Expert care for &#x27;Black Disc&#x27; &amp; lumbar degeneration. Dr. Sayuj uses advanced nerve blocks &amp; physiotherapy. 90% avoid surgery. Elderly-friendly protocols.,Degenerative Disc Disease Treatment Restoring Quality of Life,6334,condition,0
https://www.drsayuj.info/conditions/osteoporotic-spine-fracture-hyderabad,200,https://www.drsayuj.info/conditions/osteoporotic-spine-fracture-hyderabad/,"index,follow",Osteoporotic Spine Fracture Treatment in Hyderabad | Vertebâ€¦ | Dr. Sayuj Krishnan,Expert treatment for Osteoporotic Compression Fractures. Minimally invasive Vertebroplasty &amp; Kyphoplasty (Cement Injection) by Dr. Sayuj Krishnan.,Osteoporotic Spine Fracture Treatment in Hyderabad,5022,condition,2
https://www.drsayuj.info/conditions,200,https://www.drsayuj.info/conditions,"index,follow",Neurological Conditions Aâ€“Z | Dr. Sayuj Krishnan | Dr. Sayuj Krishnan,"Browse an Aâ€“Z index of brain, spine, and nerve conditions treated by Dr. Sayuj Krishnan with links to detailed guides and treatment options.",Conditions We Treat â€“ A to Z,6551,other,132
https://www.drsayuj.info/conditions/sciatica-pain-treatment-hyderabad,200,https://www.drsayuj.info/conditions/sciatica-pain-treatment-hyderabad/,"index,follow",Sciatica Treatment Hyderabad | 90% Non-Surgical | Dr Sayuj | Dr. Sayuj Krishnan,"Relief from Sciatica leg pain in Hyderabad. 90% non-surgical success with Dr. Sayuj Krishnan. Nerve blocks, Physio &amp; Endoscopic options. Book Consult.",Sciatica Treatment in Hyderabad Non-Surgical Relief First,7153,condition,132
https://www.drsayuj.info/conditions/scoliosis-treatment-hyderabad,200,https://www.drsayuj.info/conditions/scoliosis-treatment-hyderabad/,"index,follow",Scoliosis Treatment in Hyderabad | Spine Curvature Correctiâ€¦ | Dr. Sayuj Krishnan,Expert treatment for Scoliosis (Spine Deformity) by Dr. Sayuj Krishnan. Minimally invasive correction surgery costs and recovery in Hyderabad.,Scoliosis Treatment in Hyderabad,5324,condition,0
https://www.drsayuj.info/conditions/slip-disc-treatment-hyderabad,200,https://www.drsayuj.info/conditions/slip-disc-treatment-hyderabad/,"index,follow",Slip Disc Treatment in Hyderabad | Endoscopic Discectomy |â€¦ | Dr. Sayuj Krishnan,"Comprehensive slip disc treatment in Hyderabad: Conservative care, Pain Management, and Minimally Invasive Endoscopic Discectomy. Expert care by Dr. Sayujâ€¦",Slip Disc Treatment in Hyderabad | Comprehensive Care,6179,condition,25
https://www.drsayuj.info/conditions/spinal-stenosis-treatment-hyderabad,200,https://www.drsayuj.info/conditions/spinal-stenosis-treatment-hyderabad/,"index,follow",Spinal Stenosis Treatment in Hyderabad | Walking Pain Relief | Dr. Sayuj Krishnan,Can&#x27;t walk more than 10 mins? Expert Lumbar Canal Stenosis treatment in Hyderabad. Micro-Decompression surgery for leg pain &amp; heaviness. Dr Sayuj.,Lumbar Canal Stenosis Treatment in Hyderabad,5206,condition,132
https://www.drsayuj.info/conditions/spine-tumor-surgery-hyderabad,200,https://www.drsayuj.info/conditions/spine-tumor-surgery-hyderabad,"index,follow",Spine Tumor Surgery Hyderabad | Dr. Sayuj Krishnan | Dr. Sayuj Krishnan,Specialized surgical treatment for spinal cord tumours and metastatic spine cancer. Microsurgery and spinal stabilisation by Dr. Sayuj Krishnan at Yashoda Hospital.,Spine Tumor Surgery in Hyderabad,5530,condition,2
https://www.drsayuj.info/conditions/spondylolisthesis-treatment-hyderabad,200,https://www.drsayuj.info/conditions/spondylolisthesis-treatment-hyderabad/,"index,follow",Spondylolisthesis Treatment in Hyderabad | Slipped Vertebraâ€¦ | Dr. Sayuj Krishnan,Expert treatment for Spondylolisthesis (Slipped Vertebra) by Dr. Sayuj Krishnan. Minimally invasive fusion (MIS-TLIF) costs and recovery in Hyderabad.,Spondylolisthesis Treatment in Hyderabad,5530,condition,3
https://www.drsayuj.info/conditions/trigeminal-neuralgia-treatment-hyderabad,200,https://www.drsayuj.info/conditions/trigeminal-neuralgia-treatment-hyderabad,"index,follow",Trigeminal Neuralgia Treatment Hyderabad | Immediate Pain Relief | Dr. Sayuj Krishnan,Expert Trigeminal Neuralgia treatment in Hyderabad. MVD surgery &amp; Radiofrequency ablation for facial pain relief by Dr. Sayuj. Proven results. Book now.,Trigeminal Neuralgia Treatment in Hyderabad,5359,condition,132
https://www.drsayuj.info/contact,200,https://www.drsayuj.info/contact,"index,follow",Contact Dr Sayuj Krishnan | Neurosurgeon in Hyderabad | Dr. Sayuj Krishnan,"Contact Dr Sayuj Krishnan for neurosurgical consultations. Phone: +91 9778280044, Email: hellodr@drsayuj.info. Located at Yashoda Hospital, Malakpet.",Contact Dr Sayuj Krishnan,3728,other,132
https://www.drsayuj.info/content-integrity,200,https://www.drsayuj.info/content-integrity,"index,follow",Content Integrity &amp; Editorial Process | Dr. Sayuj Krishnan | Dr. Sayuj Krishnan,"Learn about our rigorous editorial process, medical review standards, and commitment to accurate, evidence-based neurosurgical content.",Content Integrity &amp; Editorial Process,4089,other,132
https://www.drsayuj.info/cookies,200,https://www.drsayuj.info/cookies,"index,follow",Cookie Policy | Dr Sayuj Krishnan - Neurosurgeon in Hyderabad | Dr. Sayuj Krishnan,Cookie policy for Dr Sayuj Krishnan&#x27;s neurosurgical practice website. Learn about how we use cookies and similar technologies.,Cookie Policy,3155,other,132
https://www.drsayuj.info/disclaimer,200,https://www.drsayuj.info/disclaimer,"index,follow",Medical Disclaimer | Dr Sayuj Krishnan - Neurosurgeon in Hyderabad | Dr. Sayuj Krishnan,Medical disclaimer for Dr Sayuj Krishnan&#x27;s neurosurgical practice in Hyderabad. Important information about medical advice and treatment.,Medical Disclaimer,3483,other,132
https://www.drsayuj.info/disease-guides/degenerative-disc-disease,200,https://www.drsayuj.info/disease-guides/degenerative-disc-disease/,"index,follow","Degenerative Disc Disease: Symptoms, Causes &amp; Treatment | Dr. Sayuj Krishnan | Dr. Sayuj Krishnan","Comprehensive guide to degenerative disc disease: symptoms, causes, diagnosis, and treatment options including endoscopic discectomy in Hyderabad.",Degenerative Disc Disease,4396,other,3
https://www.drsayuj.info/disease-guides,200,https://www.drsayuj.info/disease-guides/,"index,follow",Disease Guides &amp; Medical Conditions | Dr. Sayuj Krishnan | Comprehensive Health Information | Dr. Sayuj Krishnan,"Comprehensive disease guides for degenerative disc disease, spinal stenosis, trigeminal neuralgia, epilepsy, herniated disc, and other neurological conditions. Expert medical information.",Disease Guides &amp; Medical Conditions,5148,other,132
https://www.drsayuj.info/editorial-policy,200,https://www.drsayuj.info/editorial-policy,"index,follow",Editorial Policy | Dr Sayuj Krishnan | Dr. Sayuj Krishnan,Editorial policy and content standards for medical information provided on Dr Sayuj Krishnan&#x27;s website.,Editorial Policy,3455,other,132
https://www.drsayuj.info/emergency-rehabilitation,200,https://www.drsayuj.info/emergency-rehabilitation/,"index,follow",Emergency Neurosurgery &amp; Rehabilitation Services | Dr. Sayuj Krishnan | 24/7 Care | Dr. Sayuj Krishnan,"24/7 emergency neurosurgical consultation, hotline support, and comprehensive rehabilitation partnerships in Hyderabad. Immediate care for brain and spine emergencies.",Emergency &amp; Rehabilitation Services,4655,other,132
https://www.drsayuj.info/german-training,200,https://www.drsayuj.info/german-training,"index,follow",German Training in Endoscopic Spine Surgery | Dr. Sayuj Krishnan | International Credentials | Dr. Sayuj Krishnan,"Dr. Sayuj Krishnan&#x27;s certified German training in Full Endoscopic Spine Surgery. Learn about his international observership, advanced techniques, and how German precision benefits patients in Hyderabad.",German Training in Endoscopic Spine Surgery,3610,other,132
https://www.drsayuj.info/icon.svg,200,,"index,follow",,,,0,other,0
https://www.drsayuj.info/knowledge-base,200,https://www.drsayuj.info/knowledge-base,"index,follow",Medical Knowledge Base - Dr. Sayuj Krishnan | Dr. Sayuj Krishnan,"Search our comprehensive medical library for information on brain tumors, spine surgery, treatments, and recovery guides.",Medical Knowledge Base,2758,other,132
https://www.drsayuj.info/locations/banjara-hills,200,https://www.drsayuj.info/neurosurgeon-banjara-hills,"index,follow","Neurosurgeon in Banjara Hills, Hyderabad | Dr. Sayuj Krishnan | Dr. Sayuj Krishnan","Consult Dr. Sayuj Krishnan near Banjara Hills, Hyderabad for endoscopic spine &amp; minimally invasive brain surgery. OPD timings, parking, directions, WhatsApp booking.","Neurosurgeon in Banjara Hills, Hyderabad",4331,location,0
https://www.drsayuj.info/locations/brain-spine-surgeon-banjara-hills,200,https://www.drsayuj.info/locations/brain-spine-surgeon-banjara-hills,"index,follow","Brain &amp; Spine Surgeon near Banjara Hills, Hyderabad | Dr. Sayuj Krishnan","Advanced brain and spine care near Banjara Hills, Hyderabad. Directions to Yashoda Hospital, Malakpet. Parking, timings, and appointment info.","Brain &amp; Spine Surgeon near Banjara Hills, Hyderabad",5337,location,132
https://www.drsayuj.info/locations/brain-spine-surgeon-hitec-city,200,https://www.drsayuj.info/locations/brain-spine-surgeon-hitec-city,"index,follow","Brain &amp; Spine Surgeon near HITEC City, Hyderabad | Dr. Sayuj Krishnan","Neurosurgeon near HITEC City at Yashoda Hospital, Malakpet. Directions, parking, OPD timings, and appointments.","Brain &amp; Spine Surgeon near HITEC City, Hyderabad",5185,location,132
https://www.drsayuj.info/locations/brain-spine-surgeon-jubilee-hills,200,https://www.drsayuj.info/neurosurgeon-jubilee-hills,"index,follow","Brain &amp; Spine Surgeon near Jubilee Hills, Hyderabad | Dr. Sayuj Krishnan","Advanced brain and spine care near Jubilee Hills, Hyderabad. Directions to Yashoda Hospital, Malakpet. Parking, timings, and appointment info.","Brain &amp; Spine Surgeon near Jubilee Hills, Hyderabad",5228,location,132
https://www.drsayuj.info/locations/hitech-city,200,https://www.drsayuj.info/neurosurgeon-hitech-city,"index,follow","Neurosurgeon in Hitech City, Hyderabad | Dr. Sayuj Krishnan | Dr. Sayuj Krishnan","Consult Dr. Sayuj Krishnan near Hitech City, Hyderabad for endoscopic spine &amp; minimally invasive brain surgery. OPD timings, parking, directions.","Neurosurgeon in Hitech City, Hyderabad",4247,location,0
https://www.drsayuj.info/locations/lb-nagar,200,https://www.drsayuj.info/locations/lb-nagar/,"index,follow","Neurosurgeon in LB Nagar, Hyderabad | Dr Sayuj Krishnan | Dr. Sayuj Krishnan","Expert neurosurgeon serving LB Nagar. Dr Sayuj Krishnan offers spine and brain surgery at nearby Yashoda Hospital. Accessible from Vanasthalipuram, Nagole.","Neurosurgeon Near LB Nagar, Hyderabad",4339,location,1
https://www.drsayuj.info/locations/malakpet,200,https://www.drsayuj.info/neurosurgeon-malakpet,"index,follow",Best Neurosurgeon in Malakpet | Dr. Sayuj Krishnan | Yashoda Hospitals | Dr. Sayuj Krishnan,"Dr. Sayuj Krishnan is the leading Neurosurgeon at Yashoda Hospitals, Malakpet. Specialist in Endoscopic Spine Surgery, Brain Tumors &amp; Trauma. Book Appointment.","Best Neurosurgeon in Malakpet, Hyderabad",5116,location,0
https://www.drsayuj.info/locations/neurosurgeon-kondapur,200,https://www.drsayuj.info/locations/neurosurgeon-kondapur,"index,follow","Neurosurgeon near Kondapur, Hyderabad | Dr Sayuj Krishnan | Dr. Sayuj Krishnan",Expert neurosurgeon near Kondapur. Dr Sayuj Krishnan provides advanced brain and spine surgery. Convenient access via Hitech City road.,"Neurosurgeon Near Kondapur, Hyderabad",4300,location,1
https://www.drsayuj.info/locations/neurosurgeon-kothapet,200,https://www.drsayuj.info/locations/neurosurgeon-kothapet,"index,follow","Neurosurgeon near Kothapet, Hyderabad | Dr Sayuj Krishnan | Dr. Sayuj Krishnan",Expert neurosurgeon near Kothapet. Dr Sayuj Krishnan is just 5 minutes away at Yashoda Malakpet. Advanced spine &amp; brain care.,Best Neurosurgeon Near Kothapet &amp; Dilsukhnagar,4557,location,1
https://www.drsayuj.info/locations/neurosurgeon-kukatpally,200,https://www.drsayuj.info/locations/neurosurgeon-kukatpally,"index,follow","Neurosurgeon near Kukatpally, Hyderabad | Dr Sayuj Krishnan | Dr. Sayuj Krishnan",Expert neurosurgeon near Kukatpally. Dr Sayuj Krishnan provides advanced brain and spine surgery. Convenient access via Metro or road.,"Neurosurgeon Near Kukatpally, Hyderabad",4245,location,1
https://www.drsayuj.info/locations/neurosurgeon-madhapur,200,https://www.drsayuj.info/locations/neurosurgeon-madhapur,"index,follow","Neurosurgeon near Madhapur, Hyderabad | Dr Sayuj Krishnan | Dr. Sayuj Krishnan",Expert neurosurgeon near Madhapur. Dr Sayuj Krishnan provides advanced brain and spine surgery. Convenient access via Durgam Cheruvu Cable Bridge.,"Neurosurgeon Near Madhapur, Hyderabad",4316,location,1
https://www.drsayuj.info/locations/neurosurgeon-manikonda,200,https://www.drsayuj.info/locations/neurosurgeon-manikonda,"index,follow","Neurosurgeon near Manikonda, Hyderabad | Dr Sayuj Krishnan | Dr. Sayuj Krishnan",Expert neurosurgeon near Manikonda. Dr Sayuj Krishnan provides advanced brain and spine surgery with minimally invasive techniques. Easy access via ORR.,"Neurosurgeon Near Manikonda, Hyderabad",4212,location,1
https://www.drsayuj.info/locations/neurosurgeon-near-jubilee-hills-faq,200,https://www.drsayuj.info/locations/neurosurgeon-near-jubilee-hills-faq,"index,follow",Neurosurgeon Near Jubilee Hills FAQ | Dr. Sayuj Krishnan | Dr. Sayuj Krishnan,"Frequently asked questions about finding a neurosurgeon near Jubilee Hills, Hyderabad. Expert answers from Dr. Sayuj Krishnan about brain and spine surgery options.",Neurosurgeon Near Jubilee Hills FAQ | Dr. Sayuj Krishnan,6405,location,0
https://www.drsayuj.info/locations/neurosurgeon-near-jubilee-hills,308,,"index,follow",,,,0,location,1
https://www.drsayuj.info/locations/neurosurgeon-near-kachiguda-faq,200,https://www.drsayuj.info/locations/neurosurgeon-near-kachiguda-faq,"index,follow",Neurosurgeon Near Kachiguda FAQ | Dr. Sayuj Krishnan | Dr. Sayuj Krishnan,"Frequently asked questions about finding a neurosurgeon near Kachiguda, Hyderabad. Expert answers from Dr. Sayuj Krishnan about brain and spine surgery options.",Neurosurgeon Near Kachiguda FAQ | Dr. Sayuj Krishnan,5891,location,0
https://www.drsayuj.info/locations/neurosurgeon-near-kondapur-faq,200,https://www.drsayuj.info/locations/neurosurgeon-near-kondapur-faq,"index,follow",Neurosurgeon Near Kondapur FAQ | Dr. Sayuj Krishnan | Dr. Sayuj Krishnan,"Frequently asked questions about finding a neurosurgeon near Kondapur, Hyderabad. Expert answers from Dr. Sayuj Krishnan about brain and spine surgery options.",Neurosurgeon Near Kondapur FAQ | Dr. Sayuj Krishnan,5926,location,0
https://www.drsayuj.info/locations/neurosurgeon-nizampet,200,https://www.drsayuj.info/locations/neurosurgeon-nizampet,"index,follow","Neurosurgeon near Nizampet, Hyderabad | Dr Sayuj Krishnan | Dr. Sayuj Krishnan",Expert neurosurgeon near Nizampet. Dr Sayuj Krishnan provides advanced brain and spine surgery with minimally invasive techniques.,"Neurosurgeon Near Nizampet, Hyderabad",4227,location,1
https://www.drsayuj.info/locations,200,https://www.drsayuj.info/locations,"index,follow",Neurosurgeon Locations in Hyderabad | Dr. Sayuj Krishnan | Dr. Sayuj Krishnan,"Expert neurosurgeon Dr. Sayuj Krishnan serves patients across Hyderabad including Banjara Hills, Hitec City, Jubilee Hills, and Malakpet. Book consultation.",Neurosurgeon Locations in Hyderabad,3911,other,132
